mean,sd,labels
20.6699751668331,5.69445463499884,cases
