mean,sd,labels
20.0249407778939,24.5332043961175,cases
