mean,sd,labels
9.27142823879094,2.22593594103147,cases
