mean,sd,labels
16.6018396643317,4.00824792930848,cases
