mean,sd,labels
12.2156616614624,2.77517095467906,cases
