mean,sd,labels
10.5527110808342,2.42687205120043,cases
