mean,sd,labels
15.0417507445592,3.73806634782463,cases
