mean,sd,labels
19.1119948702932,24.4822203260473,cases
