mean,sd,labels
11.9941833427902,3.34308096168048,cases
