mean,sd,labels
16.2319805476427,4.27429164081509,cases
