mean,sd,labels
11.2024401061687,2.99026501563699,cases
