mean,sd,labels
15.901434007273,3.54305591785265,cases
