mean,sd,labels
17.449661720165,4.50782906012218,cases
