mean,sd,labels
12.2882419413872,3.39329082067445,cases
