mean,sd,labels
12.9743999164058,3.3286645123556,cases
