mean,sd,labels
12.3754270300728,3.05994808024715,cases
