mean,sd,labels
20.1312808962305,5.18411064378901,cases
