mean,sd,labels
24.843994347904,6.72008320902851,cases
