mean,sd,labels
14.1869682516176,3.13349777271363,cases
