mean,sd,labels
13.7866773492978,3.07402967728517,cases
