mean,sd,labels
15.082514830266,3.56010675485859,cases
