mean,sd,labels
42.6440097279403,16.2441086784947,cases
