mean,sd,labels
11.0856875294231,3.51279026937205,cases
