mean,sd,labels
14.8598418238924,3.49302154841044,cases
