mean,sd,labels
11.8775775688801,2.74167211373099,cases
