mean,sd,labels
12.5200791127157,3.38641801969435,cases
