mean,sd,labels
17.1082956231654,3.79583587352755,cases
