mean,sd,labels
12.8744071483068,2.81947225555467,cases
