mean,sd,labels
5.02707998035987,1.38163061925701,cases
