mean,sd,labels
21.4351974127055,4.75843317646566,cases
