mean,sd,labels
4.54686034887878,1.28017325984557,cases
