mean,sd,labels
9.96090977526036,2.3957462121426,cases
