mean,sd,labels
18.8932345850098,6.82825241693392,cases
