mean,sd,labels
8.8536194137384,2.12250996218366,cases
