mean,sd,labels
58.7815538146281,52.1340934354675,cases
