mean,sd,labels
12.3101695850498,2.93435623314306,cases
