mean,sd,labels
16.7249816746726,4.34984259927471,cases
