mean,sd,labels
19.3862673082997,5.7674240606376,cases
