mean,sd,labels
13.7738862635119,3.41579152412636,cases
