mean,sd,labels
22.4708775747848,6.06070990830312,cases
