mean,sd,labels
8.26843082135204,1.9258368088955,cases
