mean,sd,labels
12.4978100228043,4.25475207288209,cases
