mean,sd,labels
10.5210589522928,2.56850619024414,cases
