mean,sd,labels
12.9240433589557,2.9980096202581,cases
