mean,sd,labels
13.4403853346566,3.66624989291667,cases
