mean,sd,labels
12.9493618116144,3.41896907954658,cases
