mean,sd,labels
7.03342527140816,2.41771312533702,cases
