mean,sd,labels
20.0595776424301,5.10022296681088,cases
