mean,sd,labels
14.3277533386133,3.62061190493402,cases
