mean,sd,labels
19.1273756398327,5.23660529318118,cases
