mean,sd,labels
15.8236102546849,3.79264307161711,cases
