mean,sd,labels
17.0361383499613,3.95107850392364,cases
