mean,sd,labels
12.653757033121,2.86600449784973,cases
