mean,sd,labels
15.257597293229,3.71708569478734,cases
