mean,sd,labels
20.1162930203324,5.94313507613406,cases
