mean,sd,labels
16.6046260958011,3.88130967881358,cases
