mean,sd,labels
17.3462163055399,4.06217151148937,cases
